Crash ID,Record Type,Vehicle ID,Participant ID,Participant Display Seq#,Vehicle Coded Seq#,Participant Vehicle Seq#
1809119,3,3409578,3887884,1,1,1
1809119,3,3409579,3887885,2,2,1
1809229,3,3409765,3888073,1,1,1
1809229,3,0,3888074,2,,1
1809637,3,3410470,3888766,1,1,1
1810874,3,3412622,3890872,1,1,1
1810874,3,0,3890873,2,,1
1812266,3,3415030,3893223,1,1,1
1812266,3,3415031,3893224,2,2,1
1812266,3,3415031,3893225,3,2,2
1812266,3,3415032,3893226,4,3,1
1812266,3,3415033,3893227,5,4,1
1815964,3,3421313,3899543,1,1,1
1815964,3,3421314,3899544,2,2,1
1816804,3,3422688,3900916,1,1,1
1826266,3,3439374,3916978,1,1,1
1826266,3,3439374,3916979,2,1,2
1826266,3,3439375,3916980,3,2,1
1826321,3,3439466,3917101,1,1,1
1826321,3,3439467,3917102,2,2,1
1826321,3,3439467,3917103,3,2,2
1826490,3,3439761,3917488,1,1,1
1826513,3,3439797,3917534,1,1,1
1826513,3,3439798,3917535,2,2,1
1826513,3,3439799,3917536,3,3,1
1826513,3,3439799,3917537,4,3,2
1826673,3,3440070,3917894,1,1,1
1826673,3,0,3917895,2,,1
1826673,3,0,3917896,3,,2
1826673,3,0,3917897,4,,3
1826794,3,3440278,3918161,1,1,1
1826794,3,3440279,3918162,2,2,1
1826794,3,3440279,3918163,3,2,2
1826794,3,3440280,3918164,4,3,1
1826794,3,3440280,3918165,5,3,2
1826794,3,3440281,3918166,6,4,1
1826794,3,3440281,3918167,7,4,2
1826794,3,3440281,3918168,8,4,3
1826794,3,3440281,3918169,9,4,4
1826971,3,3440599,3918577,1,1,1
1826971,3,3440599,3918578,2,1,2
1826971,3,3440599,3918579,3,1,3
1826971,3,3440600,3918580,4,2,1
1827119,3,3440861,3918896,1,1,1
1827119,3,3440862,3918897,2,2,1
1827863,3,3442222,3920553,1,1,1
1827863,3,0,3920554,2,,1
1827872,3,3442235,3920571,1,1,1
1827907,3,3442305,3920650,1,1,1
1827907,3,3442306,3920651,2,2,1
1828231,3,3442919,3921428,1,1,1
1828231,3,3442920,3921429,2,2,1
1828287,3,3443029,3921575,1,1,1
1828287,3,3443030,3921576,2,2,1
1828314,3,3443074,3921628,1,1,1
1828373,3,3443178,3921755,1,1,1
1828373,3,3443179,3921756,2,2,1
1828552,3,3443504,3922161,1,1,1
1828552,3,3443505,3922162,2,2,1
1828709,3,3443834,3922555,1,1,1
1828709,3,3443835,3922556,2,2,1
1828709,3,3443836,3922557,3,3,1
1828977,3,3444351,3923159,1,1,1
1828977,3,3444352,3923160,2,2,1
1828982,3,3444361,3923171,1,1,1
1828982,3,3444362,3923172,2,2,1
1829693,3,3445767,3924865,1,1,1
1829693,3,3445767,3924866,2,1,2
1829718,3,3445819,3924926,1,1,1
1829718,3,3445820,3924927,2,2,1
1829755,3,3445889,3925006,1,1,1
1829763,3,3445902,3925020,1,1,1
1829763,3,3445903,3925021,2,2,1
1829763,3,3445903,3925022,3,2,2
1829797,3,3445962,3925088,1,1,1
1829797,3,3445963,3925089,2,2,1
1829853,3,3446070,3925212,1,1,1
1829853,3,3446071,3925213,2,2,1
1829853,3,3446071,3925214,3,2,2
1829867,3,3446098,3925245,1,1,1
1829867,3,3446099,3925246,2,2,1
1829871,3,3446106,3925253,1,1,1
1829928,3,3446228,3925398,1,1,1
1829928,3,3446228,3925399,2,1,2
1829928,3,3446228,3925400,3,1,3
1829928,3,3446229,3925401,4,2,1
1829928,3,3446229,3925402,5,2,2
1829928,3,3446229,3925403,6,2,3
1829928,3,3446229,3925404,7,2,4
1829983,3,3446340,3925538,1,1,1
1829988,3,3446354,3925559,1,1,1
1830030,3,3446435,3925651,1,1,1
1830030,3,3446436,3925652,2,2,1
1830030,3,3446436,3925653,3,2,2
1830030,3,3446436,3925654,4,2,3
1830038,3,3446451,3925671,1,1,1
1830046,3,3446464,3925686,1,1,1
1830165,3,3446710,3925984,1,1,1
1830165,3,3446710,3925985,2,1,2
1830217,3,3446808,3926096,1,1,1
1830217,3,3446809,3926097,2,2,1
1830243,3,3446869,3926163,1,1,1
1830243,3,3446870,3926164,2,2,1
1830243,3,3446870,3926165,3,2,2
1831161,3,3448666,3928361,1,1,1
1831161,3,3448667,3928362,2,2,1
1831660,3,3449621,3929496,1,1,1
1831660,3,3449622,3929497,2,2,1
1831698,3,3449692,3929582,1,1,1
1831698,3,3449693,3929583,2,2,1
1832302,3,3450860,3930972,1,1,1
1832302,3,3450861,3930973,2,2,1
1832348,3,3450955,3931089,1,1,1
1832348,3,3450956,3931090,2,2,1
1833315,3,3452699,3933230,1,1,1
1833381,3,3452805,3933358,1,1,1
1833381,3,3452806,3933359,2,2,1
1833535,3,3453091,3933696,1,1,1
1833535,3,3453092,3933697,2,2,1
1833535,3,3453093,3933698,3,3,1
1833535,3,3453094,3933699,4,4,1
1833678,3,3453351,3934009,1,1,1
1833867,3,3453707,3934435,1,1,1
1833867,3,0,3934436,2,,1
1833899,3,3453766,3934503,1,1,1
1833899,3,3453767,3934504,2,2,1
1833899,3,3453767,3934505,3,2,2
1833971,3,3453899,3934674,1,1,1
1833971,3,3453900,3934675,2,2,1
1833979,3,3453916,3934696,1,1,1
1833979,3,3453917,3934697,2,2,1
1833986,3,3453930,3934714,1,1,1
1833986,3,3453931,3934715,2,2,1
1833986,3,3453931,3934716,3,2,2
1834003,3,3453959,3934752,1,1,1
1834003,3,3453960,3934753,2,2,1
1834029,3,3453999,3934799,1,1,1
1834029,3,3454000,3934800,2,2,1
1834096,3,3454139,3934963,1,1,1
1834096,3,3454140,3934964,2,2,1
1834202,3,3454350,3935224,1,1,1
1834202,3,3454351,3935225,2,2,1
1834407,3,3454750,3935704,1,1,1
1834407,3,3454750,3935705,2,1,2
1834440,3,3454816,3935781,1,1,1
1834440,3,3454817,3935782,2,2,1
1834440,3,3454817,3935783,3,2,2
1834574,3,3455078,3936093,1,1,1
1834574,3,3455079,3936094,2,2,1
1834574,3,3455079,3936095,3,2,2
1834655,3,3455237,3936289,1,1,1
1834655,3,3455238,3936290,2,2,1
1834655,3,3455238,3936291,3,2,2
1834655,3,3455238,3936292,4,2,3
1834655,3,3455238,3936293,5,2,4
1834846,3,3455611,3936733,1,1,1
1834858,3,3455630,3936755,1,1,1
1834858,3,3455631,3936756,2,2,1
1835060,3,3455994,3937146,1,1,1
1835061,3,3455995,3937147,1,1,1
1835182,3,3456216,3937389,1,1,1
1835182,3,3456217,3937390,2,2,1
1835197,3,3456247,3937422,1,1,1
1835197,3,3456248,3937423,2,2,1
1835205,3,3456264,3937439,1,1,1
1835211,3,3456274,3937450,1,1,1
1835211,3,3456275,3937451,2,2,1
1835211,3,3456275,3937452,3,2,2
1835217,3,3456284,3937462,1,1,1
1835225,3,3456296,3937474,1,1,1
1835225,3,3456297,3937475,2,2,1
1835231,3,3456309,3937489,1,1,1
1835231,3,3456309,3937490,2,1,2
1835315,3,3456464,3937657,1,1,1
1835316,3,3456465,3937658,1,1,1
1835316,3,3456466,3937659,2,2,1
1835322,3,3456476,3937669,1,1,1
1835322,3,3456477,3937670,2,2,1
1835330,3,3456491,3937688,1,1,1
1835330,3,3456492,3937689,2,2,1
1835332,3,3456495,3937692,1,1,1
1835374,3,3456574,3937776,1,1,1
1835374,3,3456575,3937777,2,2,1
1835382,3,3456590,3937794,1,1,1
1835382,3,3456591,3937795,2,2,1
1835386,3,3456598,3937805,1,1,1
1835459,3,3456732,3937947,1,1,1
1835459,3,3456733,3937948,2,2,1
1835471,3,3456753,3937968,1,1,1
1835471,3,3456754,3937969,2,2,1
1835511,3,3456831,3938057,1,1,1
1835511,3,3456832,3938058,2,2,1
1835592,3,3456989,3938231,1,1,1
1835592,3,3456990,3938232,2,2,1
1835606,3,3457017,3938261,1,1,1
1835606,3,3457018,3938262,2,2,1
1835807,3,3457393,3938686,1,1,1
1835807,3,3457394,3938687,2,2,1
1836755,3,3459166,3940707,1,1,1
1836755,3,3459167,3940708,2,2,1
1836788,3,3459229,3940773,1,1,1
1836788,3,3459230,3940774,2,2,1
1836814,3,3459277,3940824,1,1,1
1836814,3,3459278,3940825,2,2,1
1836948,3,3459511,3941098,1,1,1
1836948,3,3459512,3941099,2,2,1
1836948,3,3459512,3941100,3,2,2
1837049,3,3459706,3941320,1,1,1
1837085,3,3459771,3941392,1,1,1
1837085,3,3459772,3941393,2,2,1
1837085,3,3459772,3941394,3,2,2
1837128,3,3459854,3941488,1,1,1
1837128,3,3459855,3941489,2,2,1
1837131,3,3459860,3941494,1,1,1
1837205,3,3459998,3941640,1,1,1
1837205,3,3459999,3941641,2,2,1
1837205,3,3460000,3941642,3,3,1
1837283,3,3460139,3941801,1,1,1
1837283,3,3460140,3941802,2,2,1
1837334,3,3460235,3941905,1,1,1
1837334,3,3460236,3941906,2,2,1
1837334,3,3460236,3941907,3,2,2
1837497,3,3460535,3942247,1,1,1
1837497,3,3460536,3942248,2,2,1
1837497,3,3460536,3942249,3,2,2
1837551,3,3460634,3942361,1,1,1
1837808,3,3461130,3942959,1,1,1
1837808,3,3461131,3942960,2,2,1
1837834,3,3461179,3943018,1,1,1
1837834,3,3461180,3943019,2,2,1
1838047,3,3461582,3943495,1,1,1
1838047,3,3461583,3943496,2,2,1
1838362,3,3462197,3944199,1,1,1
1838362,3,3462198,3944200,2,2,1
1838362,3,3462199,3944201,3,3,1
1838375,3,3462221,3944232,1,1,1
1838375,3,3462222,3944233,2,2,1
1838403,3,3462273,3944292,1,1,1
1838434,3,3462326,3944352,1,1,1
1838434,3,3462327,3944353,2,2,1
1838434,3,3462328,3944354,3,3,1
1838471,3,3462400,3944435,1,1,1
1838549,3,3462564,3944629,1,1,1
1838549,3,3462564,3944630,2,1,2
1838549,3,3462564,3944631,3,1,3
1838549,3,3462564,3944632,4,1,4
1838549,3,3462565,3944633,5,2,1
1838681,3,3462829,3944936,1,1,1
1838681,3,3462830,3944937,2,2,1
1839606,3,3464706,3947145,1,1,1
1839606,3,3464707,3947146,2,2,1
1839606,3,3464707,3947147,3,2,2
1839856,3,3465226,3947753,1,1,1
1839856,3,3465227,3947754,2,2,1
1839856,3,3465227,3947755,3,2,2
1840093,3,3465681,3948288,1,1,1
1840093,3,3465682,3948289,2,2,1
1840093,3,3465682,3948290,3,2,2
1840135,3,3465768,3948381,1,1,1
1840135,3,0,3948382,2,,1
1840155,3,3465807,3948428,1,1,1
1840155,3,3465808,3948429,2,2,1
1840155,3,3465809,3948430,3,3,1
1840221,3,3465946,3948582,1,1,1
1840221,3,3465947,3948583,2,2,1
1840221,3,3465948,3948584,3,3,1
1840265,3,3466033,3948689,1,1,1
1840265,3,3466034,3948690,2,2,1
1840265,3,3466035,3948691,3,3,1
1840295,3,3466095,3948764,1,1,1
1840295,3,3466095,3948765,2,1,2
1840295,3,3466096,3948766,3,2,1
1840424,3,3466338,3949049,1,1,1
1840424,3,3466339,3949050,2,2,1
1840424,3,3466340,3949051,3,3,1
1840563,3,3466599,3949377,1,1,1
1840563,3,3466600,3949378,2,2,1
1840563,3,3466601,3949379,3,3,1
1840563,3,3466601,3949380,4,3,2
1840583,3,3466641,3949427,1,1,1
1840583,3,3466642,3949428,2,2,1
1840588,3,3466650,3949437,1,1,1
1840588,3,3466650,3949438,2,1,2
1840588,3,3466651,3949439,3,2,1
1840610,3,3466689,3949496,1,1,1
1840610,3,3466690,3949497,2,2,1
1840614,3,3466696,3949503,1,1,1
1840614,3,3466697,3949504,2,2,1
1840664,3,3466791,3949619,1,1,1
1840664,3,3466792,3949620,2,2,1
1840680,3,3466822,3949657,1,1,1
1840832,3,3467103,3949998,1,1,1
1840832,3,3467104,3949999,2,2,1
1840874,3,3467180,3950095,1,1,1
1840874,3,0,3950096,2,,1
1840874,3,0,3950097,3,,2
1840905,3,3467237,3950157,1,1,1
1840905,3,3467238,3950158,2,2,1
1841009,3,3467426,3950377,1,1,1
1841009,3,3467427,3950378,2,2,1
1841009,3,3467427,3950379,3,2,2
1841009,3,3467427,3950380,4,2,3
1841009,3,3467427,3950381,5,2,4
1841013,3,3467433,3950388,1,1,1
1841013,3,3467434,3950389,2,2,1
1841019,3,3467444,3950401,1,1,1
1841019,3,3467445,3950402,2,2,1
1841052,3,3467508,3950472,1,1,1
1841052,3,3467508,3950473,2,1,2
1841151,3,3467693,3950692,1,1,1
1841151,3,3467694,3950693,2,2,1
1841157,3,3467704,3950704,1,1,1
1841157,3,0,3950705,2,,1
1841212,3,3467816,3950834,1,1,1
1841212,3,3467817,3950835,2,2,1
1841212,3,3467817,3950836,3,2,2
1841331,3,3468044,3951100,1,1,1
1841331,3,3468045,3951101,2,2,1
1841331,3,3468045,3951102,3,2,2
1841336,3,3468055,3951113,1,1,1
1841336,3,3468056,3951114,2,2,1
1841343,3,3468068,3951128,1,1,1
1841343,3,3468068,3951129,2,1,2
1841343,3,3468068,3951130,3,1,3
1841343,3,3468068,3951131,4,1,4
1841343,3,3468069,3951132,5,2,1
1841343,3,3468069,3951133,6,2,2
1841361,3,3468101,3951176,1,1,1
1841361,3,3468102,3951177,2,2,1
1841369,3,3468115,3951190,1,1,1
1841369,3,3468115,3951191,2,1,2
1841369,3,3468116,3951192,3,2,1
1841369,3,3468116,3951193,4,2,2
1841369,3,3468117,3951194,5,3,1
1841376,3,3468129,3951212,1,1,1
1841376,3,3468130,3951213,2,2,1
1841436,3,3468243,3951356,1,1,1
1841436,3,3468244,3951357,2,2,1
1841498,3,3468366,3951495,1,1,1
1841498,3,3468367,3951496,2,2,1
1841506,3,3468382,3951514,1,1,1
1841641,3,3468639,3951820,1,1,1
1841641,3,3468640,3951821,2,2,1
1841641,3,3468640,3951822,3,2,2
1841685,3,3468714,3951912,1,1,1
1841685,3,3468715,3951913,2,2,1
1841685,3,3468715,3951914,3,2,2
1841691,3,3468724,3951924,1,1,1
1841691,3,3468725,3951925,2,2,1
1841693,3,3468728,3951928,1,1,1
1841693,3,3468729,3951929,2,2,1
1841693,3,3468729,3951930,3,2,2
1841708,3,3468753,3951962,1,1,1
1841708,3,3468754,3951963,2,2,1
1841725,3,3468786,3951997,1,1,1
1841725,3,3468786,3951998,2,1,2
1841725,3,3468787,3951999,3,2,1
1841766,3,3468870,3952092,1,1,1
1841766,3,3468871,3952093,2,2,1
1841806,3,3468945,3952188,1,1,1
1841855,3,3469038,3952299,1,1,1
1841855,3,3469039,3952300,2,2,1
1841855,3,3469040,3952301,3,3,1
1841914,3,3469154,3952432,1,1,1
1842069,3,3469464,3952797,1,1,1
1842069,3,0,3952798,2,,1
1842069,3,0,3952799,3,,2
1842180,3,3469684,3953069,1,1,1
1842180,3,3469685,3953070,2,2,1
1842180,3,3469686,3953071,3,3,1
1842244,3,3469804,3953215,1,1,1
1842244,3,3469805,3953216,2,2,1
1842388,3,3470091,3953561,1,1,1
1842388,3,3470092,3953562,2,2,1
1842703,3,3470711,3954301,1,1,1
1842703,3,3470712,3954302,2,2,1
1842703,3,3470713,3954303,3,3,1
1842703,3,3470713,3954304,4,3,2
1842741,3,3470781,3954397,1,1,1
1842741,3,3470781,3954398,2,1,2
1842822,3,3470929,3954570,1,1,1
1842822,3,3470930,3954571,2,2,1
1842822,3,3470931,3954572,3,3,1
1842862,3,3471000,3954658,1,1,1
1842862,3,3471000,3954659,2,1,2
1842862,3,3471001,3954660,3,2,1
1842862,3,3471001,3954661,4,2,2
1843136,3,3471503,3955247,1,1,1
1843136,3,3471504,3955248,2,2,1
1843196,3,3471621,3955398,1,1,1
1843196,3,3471622,3955399,2,2,1
1843196,3,3471622,3955400,3,2,2
1843399,3,3471998,3955841,1,1,1
1843399,3,3471999,3955842,2,2,1
1843400,3,3472000,3955843,1,1,1
1843400,3,3472001,3955844,2,2,1
1843400,3,3472001,3955845,3,2,2
1843400,3,3472002,3955846,4,3,1
1843445,3,3472086,3955958,1,1,1
1843445,3,3472087,3955959,2,2,1
1843445,3,3472087,3955960,3,2,2
1843562,3,3472311,3956224,1,1,1
1843562,3,3472312,3956225,2,2,1
1843562,3,3472313,3956226,3,3,1
1843658,3,3472506,3956457,1,1,1
1843658,3,3472507,3956458,2,2,1
1843709,3,3472609,3956583,1,1,1
1843709,3,3472610,3956584,2,2,1
1843746,3,3472685,3956671,1,1,1
1843746,3,3472686,3956672,2,2,1
1843746,3,3472686,3956673,3,2,2
1843752,3,3472697,3956688,1,1,1
1843752,3,3472698,3956689,2,2,1
1843752,3,3472698,3956690,3,2,2
1843752,3,3472699,3956691,4,3,1
1843763,3,3472721,3956719,1,1,1
1843763,3,3472722,3956720,2,2,1
1843763,3,3472723,3956721,3,3,1
1843796,3,3472788,3956805,1,1,1
1843796,3,3472789,3956806,2,2,1
1843814,3,3472825,3956847,1,1,1
1843814,3,3472825,3956848,2,1,2
1843842,3,3472880,3956917,1,1,1
1843842,3,3472881,3956918,2,2,1
1843842,3,3472881,3956919,3,2,2
1843842,3,3472881,3956920,4,2,3
1843872,3,3472940,3956989,1,1,1
1843872,3,0,3956990,2,,1
1843940,3,3473071,3957146,1,1,1
1843940,3,3473071,3957147,2,1,2
1843953,3,3473098,3957177,1,1,1
1843953,3,3473099,3957178,2,2,1
1843953,3,3473100,3957179,3,3,1
1843953,3,3473100,3957180,4,3,2
1843953,3,3473100,3957181,5,3,3
1843953,3,3473100,3957182,6,3,4
1844151,3,3473466,3957622,1,1,1
1844151,3,3473467,3957623,2,2,1
1844151,3,3473468,3957624,3,3,1
1844301,3,3473748,3957954,1,1,1
1844301,3,3473749,3957955,2,2,1
1844339,3,3473825,3958046,1,1,1
1844339,3,3473826,3958047,2,2,1
1844458,3,3474060,3958330,1,1,1
1844458,3,3474061,3958331,2,2,1
1844458,3,3474061,3958332,3,2,2
1844458,3,3474061,3958333,4,2,3
1844458,3,3474062,3958334,5,3,1
1844484,3,3474113,3958400,1,1,1
1844488,3,3474120,3958408,1,1,1
1844488,3,3474121,3958409,2,2,1
1844488,3,3474121,3958410,3,2,2
1844762,3,3474642,3959024,1,1,1
1844762,3,3474643,3959025,2,2,1
1844762,3,3474644,3959026,3,3,1
1844762,3,3474644,3959027,4,3,2
1844813,3,3474746,3959146,1,1,1
1844813,3,3474747,3959147,2,2,1
1844857,3,3474838,3959255,1,1,1
1844857,3,3474839,3959256,2,2,1
1844857,3,3474839,3959257,3,2,2
1844857,3,3474840,3959258,4,3,1
1844857,3,3474840,3959259,5,3,2
1844942,3,3474990,3959446,1,1,1
1844942,3,3474990,3959447,2,1,2
1844942,3,3474990,3959448,3,1,3
1844976,3,3475051,3959522,1,1,1
1844976,3,3475052,3959523,2,2,1
1845024,3,3475141,3959625,1,1,1
1845024,3,3475142,3959626,2,2,1
1845085,3,3475258,3959771,1,1,1
1845085,3,3475259,3959772,2,2,1
1845085,3,3475260,3959773,3,3,1
1845101,3,3475293,3959811,1,1,1
1845101,3,3475294,3959812,2,2,1
1845113,3,3475317,3959840,1,1,1
1845113,3,3475318,3959841,2,2,1
1845254,3,3475596,3960171,1,1,1
1845254,3,3475596,3960172,2,1,2
1845254,3,3475597,3960173,3,2,1
1845255,3,3475598,3960174,1,1,1
1845255,3,3475599,3960175,2,2,1
1845302,3,3475689,3960275,1,1,1
1845302,3,3475690,3960276,2,2,1
1845302,3,3475691,3960277,3,3,1
1845326,3,3475739,3960331,1,1,1
1845326,3,3475740,3960332,2,2,1
1845326,3,3475740,3960333,3,2,2
1845378,3,3475829,3960448,1,1,1
1845378,3,3475830,3960449,2,2,1
1845474,3,3475999,3960661,1,1,1
1845474,3,3476000,3960662,2,2,1
1845603,3,3476241,3960946,1,1,1
1845603,3,3476241,3960947,2,1,2
1845603,3,3476242,3960948,3,2,1
1845603,3,3476242,3960949,4,2,2
1845603,3,3476242,3960950,5,2,3
1845619,3,3476269,3960983,1,1,1
1845619,3,3476270,3960984,2,2,1
1845672,3,3476369,3961110,1,1,1
1845672,3,3476370,3961111,2,2,1
1845727,3,3476466,3961224,1,1,1
1845727,3,3476467,3961225,2,2,1
1845755,3,3476516,3961284,1,1,1
1845755,3,3476517,3961285,2,2,1
1845835,3,3476660,3961454,1,1,1
1845835,3,3476661,3961455,2,2,1
1845949,3,3476870,3961699,1,1,1
1845949,3,3476871,3961700,2,2,1
1845964,3,3476904,3961735,1,1,1
1845964,3,3476905,3961736,2,2,1
1845971,3,3476916,3961753,1,1,1
1845971,3,3476917,3961754,2,2,1
1845971,3,3476917,3961755,3,2,2
1845975,3,3476924,3961763,1,1,1
1845975,3,3476924,3961764,2,1,2
1845975,3,3476925,3961765,3,2,1
1845982,3,3476940,3961782,1,1,1
1845982,3,3476940,3961783,2,1,2
1845982,3,3476941,3961784,3,2,1
1845982,3,3476942,3961785,4,3,1
1846015,3,3477001,3961855,1,1,1
1846015,3,3477002,3961856,2,2,1
1846016,3,3477003,3961857,1,1,1
1846016,3,3477004,3961858,2,2,1
1846016,3,3477004,3961859,3,2,2
1846021,3,3477013,3961869,1,1,1
1846021,3,3477014,3961870,2,2,1
1846139,3,3477239,3962152,1,1,1
1846139,3,3477240,3962153,2,2,1
1846145,3,3477249,3962163,1,1,1
1846145,3,3477250,3962164,2,2,1
1846158,3,3477271,3962188,1,1,1
1846158,3,3477272,3962189,2,2,1
1846237,3,3477417,3962366,1,1,1
1846237,3,3477418,3962367,2,2,1
1846303,3,3477530,3962505,1,1,1
1846303,3,3477531,3962506,2,2,1
1846303,3,3477531,3962507,3,2,2
1846318,3,3477559,3962541,1,1,1
1846318,3,3477560,3962542,2,2,1
1846364,3,3477647,3962645,1,1,1
1846364,3,3477648,3962646,2,2,1
1846364,3,3477648,3962647,3,2,2
1846364,3,3477648,3962648,4,2,3
1846364,3,3477648,3962649,5,2,4
1846373,3,3477664,3962665,1,1,1
1846373,3,3477665,3962666,2,2,1
1846373,3,3477666,3962667,3,3,1
1846424,3,3477762,3962782,1,1,1
1846424,3,3477763,3962783,2,2,1
1846442,3,3477794,3962825,1,1,1
1846442,3,3477795,3962826,2,2,1
1846452,3,3477814,3962847,1,1,1
1846452,3,3477815,3962848,2,2,1
1846543,3,3477990,3963052,1,1,1
1846555,3,3478014,3963079,1,1,1
1846575,3,3478049,3963118,1,1,1
1846575,3,3478049,3963119,2,1,2
1846575,3,3478050,3963120,3,2,1
1846641,3,3478172,3963266,1,1,1
1846641,3,3478173,3963267,2,2,1
1846699,3,3478280,3963395,1,1,1
1846699,3,3478281,3963396,2,2,1
1846707,3,3478296,3963414,1,1,1
1846707,3,3478297,3963415,2,2,1
1846797,3,3478477,3963621,1,1,1
1846797,3,3478478,3963622,2,2,1
1846812,3,3478499,3963646,1,1,1
1846812,3,3478500,3963647,2,2,1
1846840,3,3478549,3963697,1,1,1
1846840,3,3478550,3963698,2,2,1
1846840,3,3478551,3963699,3,3,1
1846965,3,3478791,3963976,1,1,1
1846965,3,3478792,3963977,2,2,1
1847023,3,3478893,3964096,1,1,1
1847023,3,3478894,3964097,2,2,1
1847026,3,3478898,3964102,1,1,1
1847026,3,3478899,3964103,2,2,1
1847080,3,3479000,3964224,1,1,1
1847080,3,3479001,3964225,2,2,1
1847084,3,3479007,3964232,1,1,1
1847084,3,3479008,3964233,2,2,1
1847084,3,3479008,3964234,3,2,2
1847184,3,3479200,3964465,1,1,1
1847184,3,3479201,3964466,2,2,1
1847234,3,3479295,3964580,1,1,1
1847234,3,3479296,3964581,2,2,1
1847234,3,3479296,3964582,3,2,2
1847234,3,3479297,3964583,4,3,1
1847302,3,3479429,3964736,1,1,1
1847302,3,3479430,3964737,2,2,1
1847308,3,3479442,3964751,1,1,1
1847308,3,3479443,3964752,2,2,1
1847308,3,3479443,3964753,3,2,2
1847313,3,3479451,3964762,1,1,1
1847313,3,3479452,3964763,2,2,1
1847332,3,3479488,3964804,1,1,1
1847332,3,3479489,3964805,2,2,1
1847352,3,3479530,3964855,1,1,1
1847352,3,3479531,3964856,2,2,1
1847352,3,3479531,3964857,3,2,2
1847358,3,3479542,3964874,1,1,1
1847358,3,3479543,3964875,2,2,1
1847358,3,3479544,3964876,3,3,1
1847366,3,3479559,3964896,1,1,1
1847366,3,3479560,3964897,2,2,1
1847371,3,3479570,3964907,1,1,1
1847371,3,3479571,3964908,2,2,1
1847371,3,3479572,3964909,3,3,1
1847378,3,3479587,3964924,1,1,1
1847378,3,3479588,3964925,2,2,1
1847385,3,3479601,3964940,1,1,1
1847385,3,0,3964941,2,,1
1847483,3,3479794,3965167,1,1,1
1847491,3,3479809,3965184,1,1,1
1847491,3,3479810,3965185,2,2,1
1847491,3,3479810,3965186,3,2,2
1847491,3,3479810,3965187,4,2,3
1847491,3,3479811,3965188,5,3,1
1847500,3,3479827,3965210,1,1,1
1847500,3,3479828,3965211,2,2,1
1847540,3,3479904,3965304,1,1,1
1847540,3,3479905,3965305,2,2,1
1847540,3,3479905,3965306,3,2,2
1847540,3,3479906,3965307,4,3,1
1847540,3,3479907,3965308,5,4,1
1847575,3,3479972,3965383,1,1,1
1847575,3,3479973,3965384,2,2,1
1847575,3,3479974,3965385,3,3,1
1847575,3,3479974,3965386,4,3,2
1847667,3,3480148,3965601,1,1,1
1847667,3,3480149,3965602,2,2,1
1847722,3,3480269,3965747,1,1,1
1847722,3,3480270,3965748,2,2,1
1847722,3,3480270,3965749,3,2,2
1847722,3,3480270,3965750,4,2,3
1847889,3,3480591,3966132,1,1,1
1847889,3,3480592,3966133,2,2,1
1847898,3,3480608,3966157,1,1,1
1847898,3,3480608,3966158,2,1,2
1847898,3,3480609,3966159,3,2,1
1847900,3,3480612,3966162,1,1,1
1847900,3,3480613,3966163,2,2,1
1847900,3,3480614,3966164,3,3,1
1847935,3,3480682,3966244,1,1,1
1847935,3,3480683,3966245,2,2,1
1847935,3,3480684,3966246,3,3,1
1847949,3,3480709,3966276,1,1,1
1847949,3,3480710,3966277,2,2,1
1847949,3,3480711,3966278,3,3,1
1847958,3,3480728,3966297,1,1,1
1847958,3,3480729,3966298,2,2,1
1848047,3,3480900,3966514,1,1,1
1848047,3,3480901,3966515,2,2,1
1848054,3,3480915,3966530,1,1,1
1848054,3,3480916,3966531,2,2,1
1848083,3,3480966,3966593,1,1,1
1848083,3,3480967,3966594,2,2,1
1848156,3,3481101,3966750,1,1,1
1848156,3,3481102,3966751,2,2,1
1848156,3,3481103,3966752,3,3,1
1848222,3,3481234,3966910,1,1,1
1848222,3,3481235,3966911,2,2,1
1848270,3,3481325,3967025,1,1,1
1848270,3,3481326,3967026,2,2,1
1848270,3,3481326,3967027,3,2,2
1848337,3,3481446,3967168,1,1,1
1848337,3,3481447,3967169,2,2,1
1848347,3,3481471,3967195,1,1,1
1848347,3,3481472,3967196,2,2,1
1848347,3,3481473,3967197,3,3,1
1848359,3,3481494,3967220,1,1,1
1848359,3,3481495,3967221,2,2,1
1848489,3,3481741,3967525,1,1,1
1848489,3,3481742,3967526,2,2,1
1848512,3,3481795,3967592,1,1,1
1848512,3,3481796,3967593,2,2,1
1848553,3,3481864,3967678,1,1,1
1848553,3,3481865,3967679,2,2,1
1848565,3,3481887,3967704,1,1,1
1848565,3,3481888,3967705,2,2,1
1848616,3,3481983,3967823,1,1,1
1848616,3,3481984,3967824,2,2,1
1848719,3,3482174,3968060,1,1,1
1848719,3,3482175,3968061,2,2,1
1848792,3,3482321,3968239,1,1,1
1848792,3,3482322,3968240,2,2,1
1848792,3,3482323,3968241,3,3,1
1848895,3,3482519,3968495,1,1,1
1848895,3,3482519,3968496,2,1,2
1848895,3,3482520,3968497,3,2,1
1848913,3,3482555,3968535,1,1,1
1848913,3,3482556,3968536,2,2,1
1849019,3,3482754,3968775,1,1,1
1849019,3,3482755,3968776,2,2,1
1849019,3,3482756,3968777,3,3,1
1849023,3,3482762,3968784,1,1,1
1849023,3,3482763,3968785,2,2,1
1849023,3,3482764,3968786,3,3,1
1849023,3,3482765,3968787,4,4,1
1849220,3,3483153,3969236,1,1,1
1849220,3,3483154,3969237,2,2,1
1849271,3,3483245,3969346,1,1,1
1849271,3,3483246,3969347,2,2,1
1849271,3,3483246,3969348,3,2,2
1849271,3,3483247,3969349,4,3,1
1849286,3,3483275,3969380,1,1,1
1849286,3,3483276,3969381,2,2,1
1849286,3,3483276,3969382,3,2,2
1849286,3,3483276,3969383,4,2,3
1849289,3,3483282,3969389,1,1,1
1849289,3,3483283,3969390,2,2,1
1849323,3,3483349,3969462,1,1,1
1849323,3,3483350,3969463,2,2,1
1849337,3,3483378,3969494,1,1,1
1849337,3,3483379,3969495,2,2,1
1849337,3,3483379,3969496,3,2,2
1849386,3,3483471,3969605,1,1,1
1849386,3,3483472,3969606,2,2,1
1849386,3,3483472,3969607,3,2,2
1849386,3,3483473,3969608,4,3,1
1849472,3,3483652,3969813,1,1,1
1849472,3,3483653,3969814,2,2,1
1849480,3,3483668,3969833,1,1,1
1849480,3,3483669,3969834,2,2,1
1849501,3,3483707,3969877,1,1,1
1849501,3,3483708,3969878,2,2,1
1849501,3,3483708,3969879,3,2,2
1849501,3,3483708,3969880,4,2,3
1849501,3,3483708,3969881,5,2,4
1849503,3,3483710,3969884,1,1,1
1849503,3,3483710,3969885,2,1,2
1849503,3,3483711,3969886,3,2,1
1849552,3,3483802,3969992,1,1,1
1849552,3,3483803,3969993,2,2,1
1849597,3,3483898,3970103,1,1,1
1849597,3,3483899,3970104,2,2,1
1849597,3,3483899,3970105,3,2,2
1849597,3,3483899,3970106,4,2,3
1849637,3,3483976,3970200,1,1,1
1849637,3,3483977,3970201,2,2,1
1849683,3,3484059,3970305,1,1,1
1849683,3,3484060,3970306,2,2,1
1849777,3,3484233,3970523,1,1,1
1849777,3,3484234,3970524,2,2,1
1849777,3,3484234,3970525,3,2,2
1849815,3,3484307,3970602,1,1,1
1849815,3,3484308,3970603,2,2,1
1849815,3,3484308,3970604,3,2,2
1849893,3,3484452,3970778,1,1,1
1849893,3,3484452,3970779,2,1,2
1849893,3,3484452,3970780,3,1,3
1849893,3,3484453,3970781,4,2,1
1849893,3,3484453,3970782,5,2,2
1849893,3,3484453,3970783,6,2,3
1849940,3,3484537,3970883,1,1,1
1849940,3,3484538,3970884,2,2,1
1849971,3,3484601,3970959,1,1,1
1850002,3,3484660,3971031,1,1,1
1850002,3,3484661,3971032,2,2,1
1850038,3,3484732,3971113,1,1,1
1850038,3,3484733,3971114,2,2,1
1850038,3,3484734,3971115,3,3,1
1850223,3,3485076,3971524,1,1,1
1850223,3,3485077,3971525,2,2,1
1850230,3,3485091,3971534,1,1,1
1850230,3,3485092,3971535,2,2,1
1850230,3,3485092,3971536,3,2,2
1850352,3,3485325,3971817,1,1,1
1850352,3,3485325,3971818,2,1,2
1850352,3,3485326,3971819,3,2,1
1850368,3,3485354,3971849,1,1,1
1850368,3,3485355,3971850,2,2,1
1850651,3,3485881,3972485,1,1,1
1850651,3,3485882,3972486,2,2,1
1850653,3,3485885,3972489,1,1,1
1850653,3,3485886,3972490,2,2,1
1850737,3,3486029,3972648,1,1,1
1850737,3,3486030,3972649,2,2,1
1850737,3,3486030,3972650,3,2,2
1850737,3,3486030,3972651,4,2,3
1850737,3,3486030,3972652,5,2,4
1850744,3,3486040,3972662,1,1,1
1850744,3,3486041,3972663,2,2,1
1850772,3,3486087,3972719,1,1,1
1850772,3,3486088,3972720,2,2,1
1850791,3,3486121,3972758,1,1,1
1850791,3,3486122,3972759,2,2,1
1850810,3,3486156,3972807,1,1,1
1850810,3,3486157,3972808,2,2,1
1850874,3,3486282,3972959,1,1,1
1850874,3,3486283,3972960,2,2,1
1850879,3,3486291,3972969,1,1,1
1850879,3,3486292,3972970,2,2,1
1850879,3,3486292,3972971,3,2,2
1850879,3,3486293,3972972,4,3,1
1850898,3,3486338,3973024,1,1,1
1850898,3,3486339,3973025,2,2,1
1850911,3,3486362,3973052,1,1,1
1850911,3,3486363,3973053,2,2,1
1850939,3,3486412,3973113,1,1,1
1850939,3,3486413,3973114,2,2,1
1850939,3,3486414,3973115,3,3,1
1850968,3,3486463,3973176,1,1,1
1850968,3,3486463,3973177,2,1,2
1850968,3,3486465,3973178,3,3,1
1850968,3,3486465,3973179,4,3,2
1850983,3,3486491,3973211,1,1,1
1850983,3,3486492,3973212,2,2,1
1850983,3,3486492,3973213,3,2,2
1851014,3,3486552,3973288,1,1,1
1851014,3,3486553,3973289,2,2,1
1851014,3,3486553,3973290,3,2,2
1851014,3,3486553,3973291,4,2,3
1851035,3,3486587,3973335,1,1,1
1851035,3,3486588,3973336,2,2,1
1851041,3,3486597,3973350,1,1,1
1851041,3,3486598,3973351,2,2,1
1851062,3,3486636,3973399,1,1,1
1851062,3,3486637,3973400,2,2,1
1851072,3,3486653,3973418,1,1,1
1851072,3,0,3973419,2,,1
1851075,3,3486658,3973424,1,1,1
1851075,3,3486659,3973425,2,2,1
1851097,3,3486692,3973464,1,1,1
1851097,3,3486693,3973465,2,2,1
1851097,3,3486693,3973466,3,2,2
1851131,3,3486754,3973541,1,1,1
1851131,3,3486755,3973542,2,2,1
1851142,3,3486776,3973564,1,1,1
1851142,3,3486777,3973565,2,2,1
1851178,3,3486840,3973648,1,1,1
1851178,3,3486841,3973649,2,2,1
1851178,3,3486841,3973650,3,2,2
1851189,3,3486860,3973674,1,1,1
1851189,3,3486861,3973675,2,2,1
1851193,3,3486868,3973682,1,1,1
1851193,3,3486869,3973683,2,2,1
1851193,3,3486869,3973684,3,2,2
1851193,3,3486870,3973685,4,3,1
1851193,3,3486870,3973686,5,3,2
1851272,3,3487013,3973852,1,1,1
1851272,3,3487014,3973853,2,2,1
1851274,3,3487016,3973855,1,1,1
1851274,3,3487017,3973856,2,2,1
1851313,3,3487089,3973937,1,1,1
1851365,3,3487190,3974047,1,1,1
1851365,3,3487191,3974048,2,2,1
1851526,3,3487519,3974418,1,1,1
1851540,3,3487545,3974449,1,1,1
1851540,3,3487546,3974450,2,2,1
1851540,3,3487546,3974451,3,2,2
1851552,3,3487571,3974479,1,1,1
1851552,3,3487572,3974480,2,2,1
1851557,3,3487578,3974490,1,1,1
1851557,3,3487579,3974491,2,2,1
1851558,3,3487580,3974492,1,1,1
1851558,3,3487581,3974493,2,2,1
1851558,3,3487582,3974494,3,3,1
1851558,3,3487582,3974495,4,3,2
1851564,3,3487592,3974507,1,1,1
1851564,3,3487593,3974508,2,2,1
1851581,3,3487623,3974543,1,1,1
1851581,3,3487624,3974544,2,2,1
1851609,3,3487676,3974610,1,1,1
1851609,3,3487677,3974611,2,2,1
1851688,3,3487825,3974798,1,1,1
1851688,3,0,3974799,2,,1
1851693,3,3487834,3974810,1,1,1
1851693,3,3487835,3974811,2,2,1
1851700,3,3487851,3974831,1,1,1
1851706,3,3487863,3974848,1,1,1
1851706,3,3487863,3974849,2,1,2
1851706,3,3487863,3974850,3,1,3
1851706,3,3487863,3974851,4,1,4
1851706,3,3487864,3974852,5,2,1
1851721,3,3487889,3974882,1,1,1
1851721,3,3487889,3974883,2,1,2
1851721,3,3487890,3974884,3,2,1
1851723,3,3487892,3974886,1,1,1
1851723,3,3487893,3974887,2,2,1
1851723,3,3487893,3974888,3,2,2
1851759,3,3487956,3974966,1,1,1
1851759,3,3487957,3974967,2,2,1
1851759,3,3487958,3974968,3,3,1
1851776,3,3487990,3975001,1,1,1
1851776,3,3487990,3975002,2,1,2
1851776,3,3487991,3975003,3,2,1
1851837,3,3488100,3975134,1,1,1
1851837,3,3488101,3975135,2,2,1
1851849,3,3488127,3975166,1,1,1
1851849,3,3488128,3975167,2,2,1
1851940,3,3488302,3975380,1,1,1
1851940,3,3488303,3975381,2,2,1
1851959,3,3488335,3975426,1,1,1
1851959,3,3488336,3975427,2,2,1
1851966,3,3488348,3975440,1,1,1
1851966,3,3488349,3975441,2,2,1
1852005,3,3488421,3975524,1,1,1
1852005,3,3488422,3975525,2,2,1
1852005,3,3488423,3975526,3,3,1
1852048,3,3488505,3975621,1,1,1
1852048,3,3488506,3975622,2,2,1
1852048,3,3488506,3975623,3,2,2
1852070,3,3488549,3975677,1,1,1
1852070,3,3488550,3975678,2,2,1
1852116,3,3488636,3975778,1,1,1
1852116,3,3488637,3975779,2,2,1
1852143,3,3488687,3975836,1,1,1
1852143,3,0,3975837,2,,1
1852165,3,3488730,3975887,1,1,1
1852165,3,3488731,3975888,2,2,1
1852201,3,3488796,3975972,1,1,1
1852201,3,3488797,3975973,2,2,1
1852212,3,3488816,3975997,1,1,1
1852212,3,3488817,3975998,2,2,1
1852223,3,3488834,3976018,1,1,1
1852223,3,3488834,3976019,2,1,2
1852223,3,3488835,3976020,3,2,1
1852287,3,3488956,3976163,1,1,1
1852287,3,3488957,3976164,2,2,1
1852367,3,3489096,3976334,1,1,1
1852367,3,3489097,3976335,2,2,1
1852369,3,3489100,3976338,1,1,1
1852369,3,3489101,3976339,2,2,1
1852380,3,3489122,3976371,1,1,1
1852380,3,3489123,3976372,2,2,1
1852381,3,3489124,3976373,1,1,1
1852381,3,3489125,3976374,2,2,1
1852384,3,3489130,3976379,1,1,1
1852384,3,3489131,3976380,2,2,1
1852385,3,3489132,3976381,1,1,1
1852385,3,3489133,3976382,2,2,1
1852404,3,3489168,3976418,1,1,1
1852404,3,3489169,3976419,2,2,1
1852464,3,3489290,3976555,1,1,1
1852464,3,3489291,3976556,2,2,1
1852483,3,3489329,3976600,1,1,1
1852483,3,3489330,3976601,2,2,1
1852483,3,3489330,3976602,3,2,2
1852483,3,3489330,3976603,4,2,3
1852483,3,3489330,3976604,5,2,4
1852562,3,3489480,3976777,1,1,1
1852562,3,3489481,3976778,2,2,1
1852562,3,3489482,3976779,3,3,1
1852623,3,3489598,3976923,1,1,1
1852623,3,3489599,3976924,2,2,1
1852623,3,3489599,3976925,3,2,2
1852657,3,3489659,3977004,1,1,1
1852657,3,3489660,3977005,2,2,1
1852691,3,3489723,3977087,1,1,1
1852691,3,0,3977088,2,,1
1852735,3,3489808,3977180,1,1,1
1852735,3,3489809,3977181,2,2,1
1852769,3,3489869,3977246,1,1,1
1852769,3,3489870,3977247,2,2,1
1852769,3,3489870,3977248,3,2,2
1852773,3,3489876,3977255,1,1,1
1852773,3,3489877,3977256,2,2,1
1852807,3,3489937,3977325,1,1,1
1852807,3,3489938,3977326,2,2,1
1852828,3,3489978,3977371,1,1,1
1852828,3,0,3977372,2,,1
1852853,3,3490024,3977432,1,1,1
1852853,3,3490025,3977433,2,2,1
1852870,3,3490059,3977473,1,1,1
1852870,3,3490059,3977474,2,1,2
1852870,3,3490060,3977475,3,2,1
1852889,3,3490095,3977519,1,1,1
1852889,3,0,3977520,2,,1
1852933,3,3490178,3977612,1,1,1
1852933,3,3490179,3977613,2,2,1
1852933,3,3490179,3977614,3,2,2
1852934,3,3490180,3977615,1,1,1
1852934,3,3490181,3977616,2,2,1
1852934,3,3490181,3977617,3,2,2
1852937,3,3490186,3977622,1,1,1
1852937,3,3490187,3977623,2,2,1
1852937,3,3490187,3977624,3,2,2
1852965,3,3490237,3977683,1,1,1
1852965,3,3490238,3977684,2,2,1
1852981,3,3490269,3977723,1,1,1
1852981,3,3490270,3977724,2,2,1
1853011,3,3490329,3977782,1,1,1
1853011,3,3490330,3977783,2,2,1
1853019,3,3490347,3977802,1,1,1
1853019,3,3490348,3977803,2,2,1
1853019,3,3490348,3977804,3,2,2
1853019,3,3490348,3977805,4,2,3
1853209,3,3490708,3978239,1,1,1
1853209,3,3490708,3978240,2,1,2
1853242,3,3490764,3978306,1,1,1
1853242,3,3490765,3978307,2,2,1
1853242,3,3490766,3978308,3,3,1
1853242,3,3490766,3978309,4,3,2
1853265,3,3490807,3978360,1,1,1
1853265,3,3490808,3978361,2,2,1
1853265,3,3490808,3978362,3,2,2
1853265,3,3490809,3978363,4,3,1
1853304,3,3490877,3978446,1,1,1
1853304,3,3490878,3978447,2,2,1
1853304,3,3490878,3978448,3,2,2
1853339,3,3490939,3978515,1,1,1
1853339,3,3490940,3978516,2,2,1
1853339,3,3490940,3978517,3,2,2
1853353,3,3490962,3978541,1,1,1
1853353,3,3490963,3978542,2,2,1
1853448,3,3491129,3978734,1,1,1
1853448,3,3491130,3978735,2,2,1
1853466,3,3491160,3978777,1,1,1
1853466,3,3491161,3978778,2,2,1
1853466,3,3491161,3978779,3,2,2
1853466,3,3491161,3978780,4,2,3
1853499,3,3491223,3978847,1,1,1
1853499,3,3491224,3978848,2,2,1
1853505,3,3491236,3978861,1,1,1
1853505,3,3491237,3978862,2,2,1
1853514,3,3491253,3978880,1,1,1
1853514,3,3491254,3978881,2,2,1
1853517,3,3491259,3978887,1,1,1
1853517,3,3491260,3978888,2,2,1
1853519,3,3491262,3978891,1,1,1
1853543,3,3491306,3978941,1,1,1
1853543,3,3491307,3978942,2,2,1
1853582,3,3491378,3979026,1,1,1
1853582,3,3491379,3979027,2,2,1
1853585,3,3491384,3979032,1,1,1
1853606,3,3491426,3979077,1,1,1
1853606,3,3491427,3979078,2,2,1
1853699,3,3491598,3979289,1,1,1
1853699,3,3491599,3979290,2,2,1
1853728,3,3491651,3979346,1,1,1
1853728,3,3491652,3979347,2,2,1
1853728,3,3491652,3979348,3,2,2
1853728,3,3491653,3979349,4,3,1
1853728,3,3491653,3979350,5,3,2
1853731,3,3491657,3979354,1,1,1
1853731,3,0,3979355,2,,1
1853788,3,3491762,3979480,1,1,1
1853788,3,3491763,3979481,2,2,1
1853809,3,3491804,3979528,1,1,1
1853809,3,3491805,3979529,2,2,1
1853809,3,3491805,3979530,3,2,2
1853845,3,3491872,3979615,1,1,1
1853845,3,3491873,3979616,2,2,1
1853845,3,3491874,3979617,3,3,1
1853856,3,3491895,3979640,1,1,1
1853856,3,3491896,3979641,2,2,1
1853862,3,3491908,3979655,1,1,1
1853862,3,3491908,3979656,2,1,2
1853862,3,3491909,3979657,3,2,1
1853863,3,3491910,3979658,1,1,1
1853863,3,3491911,3979659,2,2,1
1853863,3,3491911,3979660,3,2,2
1853863,3,3491911,3979661,4,2,3
1853879,3,3491941,3979694,1,1,1
1853879,3,0,3979695,2,,1
1853892,3,3491964,3979727,1,1,1
1853892,3,3491964,3979728,2,1,2
1853898,3,3491976,3979741,1,1,1
1853898,3,3491976,3979742,2,1,2
1853898,3,3491977,3979743,3,2,1
1853898,3,3491978,3979744,4,3,1
1853962,3,3492102,3979876,1,1,1
1853962,3,3492103,3979877,2,2,1
1853962,3,3492103,3979878,3,2,2
1854007,3,3492184,3979975,1,1,1
1854007,3,3492185,3979976,2,2,1
1854007,3,3492185,3979977,3,2,2
1854007,3,3492185,3979978,4,2,3
1854013,3,3492194,3979989,1,1,1
1854013,3,3492195,3979990,2,2,1
1854063,3,3492275,3980073,1,1,1
1854063,3,3492276,3980074,2,2,1
1854066,3,3492280,3980079,1,1,1
1854066,3,3492281,3980080,2,2,1
1854071,3,3492290,3980092,1,1,1
1854071,3,3492291,3980093,2,2,1
1854092,3,3492329,3980138,1,1,1
1854092,3,3492330,3980139,2,2,1
1854099,3,3492339,3980151,1,1,1
1854099,3,3492340,3980152,2,2,1
1854169,3,3492459,3980283,1,1,1
1854169,3,3492460,3980284,2,2,1
1854273,3,3492640,3980471,1,1,1
1854273,3,3492641,3980472,2,2,1
1854273,3,3492642,3980473,3,3,1
1854286,3,3492663,3980497,1,1,1
1854286,3,0,3980498,2,,1
1854309,3,3492703,3980541,1,1,1
1854309,3,3492704,3980542,2,2,1
1854335,3,3492743,3980583,1,1,1
1854335,3,3492744,3980584,2,2,1
1854338,3,3492748,3980588,1,1,1
1854338,3,3492749,3980589,2,2,1
1854339,3,3492750,3980590,1,1,1
1854339,3,3492751,3980591,2,2,1
1854339,3,3492752,3980592,3,3,1
1854339,3,3492752,3980593,4,3,2
1854339,3,3492753,3980594,5,4,1
1854347,3,3492766,3980606,1,1,1
1854347,3,3492767,3980607,2,2,1
1854392,3,3492842,3980685,1,1,1
1854392,3,3492843,3980686,2,2,1
1854398,3,3492853,3980696,1,1,1
1854398,3,3492854,3980697,2,2,1
1854483,3,3493004,3980844,1,1,1
1854483,3,3493005,3980845,2,2,1
1854569,3,3493129,3980966,1,1,1
1854731,3,3493393,3981225,1,1,1
1854731,3,3493394,3981226,2,2,1
1854794,3,3493494,3981321,1,1,1
1854794,3,3493495,3981322,2,2,1
1854861,3,3493606,3981432,1,1,1
1854861,3,3493607,3981433,2,2,1
1854881,3,3493640,3981465,1,1,1
1854881,3,3493641,3981466,2,2,1
1854887,3,3493650,3981475,1,1,1
1854887,3,3493651,3981476,2,2,1
1854987,3,3493823,3981642,1,1,1
1854987,3,3493824,3981643,2,2,1
1854997,3,3493838,3981656,1,1,1
1854997,3,3493839,3981657,2,2,1
1855110,3,3494045,3981852,1,1,1
1855361,3,3494473,3982267,1,1,1
1855361,3,3494474,3982268,2,2,1
1855400,3,3494540,3982331,1,1,1
1855400,3,3494541,3982332,2,2,1
1855571,3,3494832,3982618,1,1,1
1855571,3,3494833,3982619,2,2,1
1855657,3,3494975,3982753,1,1,1
1855657,3,3494976,3982754,2,2,1
1855808,3,3495229,3983003,1,1,1
1855808,3,3495230,3983004,2,2,1
1855937,3,3495458,3983226,1,1,1
1855937,3,3495459,3983227,2,2,1
1855957,3,3495490,3983256,1,1,1
1855957,3,3495491,3983257,2,2,1
1856211,3,3495930,3983681,1,1,1
1856211,3,3495931,3983682,2,2,1
1856237,3,3495975,3983727,1,1,1
1856237,3,3495976,3983728,2,2,1
1856784,3,3496940,3984667,1,1,1
1856784,3,3496941,3984668,2,2,1
1857340,3,3497927,3985617,1,1,1
1857340,3,3497928,3985618,2,2,1
1857364,3,3497968,3985657,1,1,1
1857364,3,3497969,3985658,2,2,1
1857401,3,3498037,3985723,1,1,1
1857401,3,3498038,3985724,2,2,1
1857514,3,3498234,3985918,1,1,1
1857668,3,3498499,3986173,1,1,1
1857668,3,3498500,3986174,2,2,1
1858032,3,3499117,3986779,1,1,1
1858032,3,3499118,3986780,2,2,1
1858057,3,3499162,3986823,1,1,1
1858057,3,3499163,3986824,2,2,1
1858160,3,3499341,3986993,1,1,1
1858160,3,3499342,3986994,2,2,1
1858180,3,3499375,3987025,1,1,1
1858180,3,3499376,3987026,2,2,1
1858328,3,3499638,3987280,1,1,1
1858328,3,3499639,3987281,2,2,1
1858585,3,3500099,3987725,1,1,1
1858585,3,3500100,3987726,2,2,1
1858607,3,3500142,3987768,1,1,1
1858607,3,3500143,3987769,2,2,1
1858723,3,3500353,3987979,1,1,1
1858723,3,3500354,3987980,2,2,1
1858727,3,3500361,3987987,1,1,1
1858727,3,3500362,3987988,2,2,1
1858806,3,3500495,3988116,1,1,1
1858806,3,3500496,3988117,2,2,1
1858869,3,3500609,3988228,1,1,1
1858869,3,3500610,3988229,2,2,1
1858965,3,3500778,3988390,1,1,1
1859192,3,3501189,3988784,1,1,1
1859192,3,3501190,3988785,2,2,1
1859233,3,3501262,3988853,1,1,1
1859233,3,3501263,3988854,2,2,1
1859239,3,3501273,3988863,1,1,1
1859239,3,3501274,3988864,2,2,1
1859379,3,3501510,3989089,1,1,1
1859379,3,3501511,3989090,2,2,1
1859422,3,3501580,3989156,1,1,1
1859422,3,3501581,3989157,2,2,1
1859523,3,3501742,3989314,1,1,1
1859523,3,3501743,3989315,2,2,1
1859565,3,3501815,3989383,1,1,1
1859565,3,3501816,3989384,2,2,1
1859613,3,3501907,3989470,1,1,1
1859613,3,3501908,3989471,2,2,1
1859616,3,3501912,3989475,1,1,1
1859616,3,3501913,3989476,2,2,1
1859785,3,3502207,3989760,1,1,1
1860007,3,3502620,3990155,1,1,1
1860007,3,3502621,3990156,2,2,1
1860036,3,3502677,3990212,1,1,1
1860036,3,3502678,3990213,2,2,1
1860043,3,3502691,3990226,1,1,1
1860053,3,3502708,3990243,1,1,1
1860053,3,3502709,3990244,2,2,1
1860257,3,3503077,3990600,1,1,1
1860257,3,3503078,3990601,2,2,1
1860289,3,3503140,3990662,1,1,1
1860289,3,3503141,3990663,2,2,1
1860371,3,3503276,3990794,1,1,1
1860417,3,3503359,3990876,1,1,1
1860417,3,3503360,3990877,2,2,1
1860427,3,3503378,3990895,1,1,1
1860427,3,3503379,3990896,2,2,1
1860453,3,3503423,3990937,1,1,1
1860453,3,3503424,3990938,2,2,1
1860771,3,3503992,3991482,1,1,1
1860771,3,3503993,3991483,2,2,1
